Average Math Score,Average Reading Score,% Passing Math,% Passing Reading,Overall Passing Rate
83.36306532663316,83.96403894472361,0.9370288944723618,0.9668655778894473,0.9064070351758794
79.98287335006,82.31264317661176,0.7910985055088906,0.8851314497654631,0.7093923857314279
77.82105635046811,81.30100688924219,0.706235647412118,0.8260024730612966,0.5884119413531178
77.04929749045723,81.00560383334687,0.6623081296191018,0.8110939657272801,0.5352879070900675
