Average Math Score,Average Reading Score,% Passing Math,% Passing Reading,Overall Passing Rate
83.40618336886993,83.40618336886993,0.9370182056749221,0.9664589142201082,0.9056093160570773
76.98702550415184,76.98702550415184,0.6651838671411625,0.8090524911032029,0.5369587781731909
