Average Math Score,Average Reading Score,% Passing Math,% Passing Reading,Overall Passing Rate
83.82865370770338,83.82865370770338,0.9395248380129589,0.9604031677465803,0.9013678905687545
83.37268246890402,83.37268246890402,0.9361652194320582,0.9677305796761324,0.9062426660408355
77.47759663693222,77.47759663693222,0.6865238046413069,0.8212515807102089,0.5657404559280905
